{
  "users": [
    {
      "id": "1087",
      "name": "Abhishek Saini",
      "email": "saini.abhishek@gmail.com",
      "gender": "male",
      "contact": {
        "mobile": "+91 0000000000",
        "home": "00 000000",
        "office": "00 000000"
      }
    },
    {
      "id": "1088",
      "name": "Gourav",
      "email": "gourav9188@gmail.com",
      "gender": "male",
      "contact": {
        "mobile": "+91 0000000000",
        "home": "00 000000",
        "office": "00 000000"
      }
    },
    {
      "id": "1089",
      "name": "Akshay",
      "email": "akshay@gmail.com",
      "gender": "male",
      "contact": {
        "mobile": "+91 0000000000",
        "home": "00 000000",
        "office": "00 000000"
      }
    }
  ]
}